,crude_oil,soybean_oil,soybean,wheat,soybean_meal,heating_oil,corn
count,6027.0,6027.0,6027.0,6027.0,6027.0,6027.0,6027.0
mean,65.71225983265404,38.072770873013276,1019.290650406504,545.6940849510536,312.6720753516727,2.0297178356667667,417.4181599469056
std,24.5066095594906,14.449316889558222,323.97263713051666,178.4571889516395,92.99757416043684,0.8091916090692676,157.5223603443197
min,-37.630001068115234,14.380000114440918,418.5,244.75,147.0,0.5090000033378601,183.5
25%,47.32500076293945,28.06999969482422,835.375,419.5,256.9499969482422,1.4763000011444092,325.625
50%,65.48999786376953,34.04999923706055,989.0,523.5,313.29998779296875,1.968999981880188,378.5
75%,83.16500091552734,48.80000114440918,1298.75,653.5,376.6000061035156,2.673900008201599,507.0
max,145.2899932861328,90.5999984741211,1771.0,1425.25,548.0999755859375,5.13539981842041,831.25
